<?xml version="1.0" encoding="utf-8" standalone="no" ?>
<modDesc descVersion="77">
    <title>
        <de>Manueller Scheibenwischer</de>
        <en>Manual Wipers</en>
        <fr>Essuie-Glaces Manuels</fr>
    </title>
    <description>
        <de>
<![CDATA[Dieses Skript ermöglicht es, die Scheibenwischer jederzeit und wetterunabhängig manuell zu steuern.

Tastenkombination: "Strg + P"

- 3 Stufen mit unterschiedlichen Intervallen

Stufe 1: 2.0 Sekunden Intervall
Stufe 2: 0.6 Sekunden Intervall
Stufe 3: 0 Sekunden Intervall


Vollständige lokaler Mutliplayer und Dedicated Server Unterstützung.

Support und neuste Updates: https://github.com/Frvetz/FS22_ManualWipers

Changelog Version 1.0.0.1:
- 3 Stufen mit unterschiedlichen Intervallen hinzugefügt
'
Stufe 1: 2.0 Sekunden Intervall
Stufe 2: 0.6 Sekunden Intervall
Stufe 3: 0 Sekunden Intervall
'
- Beschreibung angepasst
    ]]>
	</de>
	<en>
<![CDATA[This script makes it possible to manually control the wipers at any time, regardless of the weather.

Hotkey: "Ctrl + P"

- 3 stages with different intervals

Stage 1: 2.0 seconds interval
Stage 2: 0.6 seconds interval
Stage 3: 0 seconds interval

Full local multiplayer and dedicated server compatibility.

Support and latest updates: https://github.com/Frvetz/FS22_ManualWipers

Changelog Version 1.0.0.1:
- 3 stages with different intervals added
'
Stage 1: 2.0 seconds interval
Stage 2: 0.6 seconds interval
Stage 3: 0 seconds interval
'
- Description adapted
    ]]>	
	</en>	
	<fr>
<![CDATA[Ce script permet de contrôler manuellement les essuie-glaces à tout moment, quelles que soient les conditions météorologiques.

Raccourci clavier : "Ctrl + P

- 3 étapes avec différents intervalles ajoutés

Étape 1 : intervalle de 2,0 secondes
Étape 2 : intervalle de 0,6 seconde
Étape 3 : intervalle de 0 seconde

Compatibilité complète avec le multijoueur local et le serveur dédié.

Support et les dernières mises à jour : https://github.com/Frvetz/FS22_ManualWipers

Changelog Version 1.0.0.1 :
- 3 étapes avec différents intervalles ajoutés
'
Étape 1 : intervalle de 2,0 secondes
Étape 2 : intervalle de 0,6 seconde
Étape 3 : intervalle de 0 seconde
'
- Description adaptée
    ]]>
	</fr>
    </description>
    <author>frvetz</author>
    <version>1.0.0.1</version>
    <iconFilename>icon_ManualWipers.dds</iconFilename>
    <multiplayer supported="true"/>
    <extraSourceFiles>
		<sourceFile filename="registerManualWipers.lua" />
    </extraSourceFiles>
	
	<actions>
		<action name="TOGGLE_WIPER"/>
	</actions>

	<inputBinding>
		<actionBinding action="TOGGLE_WIPER">
			<binding device="KB_MOUSE_DEFAULT" input="KEY_lctrl KEY_p"/>
		</actionBinding>
	</inputBinding>
	
	<l10n>
        <text name="input_TOGGLE_WIPER">
			<de>Scheibenwischer An/Aus</de>
			<en>Wipers On/Off</en>
			<fr>Essuie-glace marche/arrêt</fr>
		</text>
	</l10n>
</modDesc>